X,Y,n_sheets,sheets,vintage_years
354,1182,2,LIPTOVSKY_HRADOK_0-0 LIPTOVSKY_HRADOK_1-0,2024
352,1182,1,LIPTOVSKY_HRADOK_0-0,2024
350,1182,1,POPRAD_9-0,2025
354,1184,2,LIPTOVSKY_HRADOK_0-1 LIPTOVSKY_HRADOK_1-1,2024
352,1184,1,LIPTOVSKY_HRADOK_0-1,2024
354,1186,2,LIPTOVSKY_HRADOK_0-2 LIPTOVSKY_HRADOK_1-2,2024
352,1186,1,LIPTOVSKY_HRADOK_0-2,2024
354,1188,2,LIPTOVSKY_HRADOK_0-3 LIPTOVSKY_HRADOK_1-3,2024
352,1188,1,LIPTOVSKY_HRADOK_0-3,2024
354,1190,2,LIPTOVSKY_HRADOK_0-4 LIPTOVSKY_HRADOK_1-4,2024
352,1190,1,LIPTOVSKY_HRADOK_0-4,2024
354,1192,2,LIPTOVSKY_HRADOK_0-5 LIPTOVSKY_HRADOK_1-5,2024
352,1192,1,LIPTOVSKY_HRADOK_0-5,2024
354,1194,2,LIPTOVSKY_HRADOK_0-6 LIPTOVSKY_HRADOK_1-6,2024
352,1194,1,LIPTOVSKY_HRADOK_0-6,2024
354,1196,2,LIPTOVSKY_HRADOK_0-7 LIPTOVSKY_HRADOK_1-7,2024
352,1196,1,LIPTOVSKY_HRADOK_0-7,2024
