x,y,z,dist_m
-34090.0,-113050.0,140555.0,0.0
-37760.0,-115120.0,140587.7,42.1
-37560.0,-114040.0,140069.9,53.1
-37190.0,-113450.0,139810.5,60.1
-37230.0,-113110.0,139649.1,63.5
-37600.0,-112580.0,139549.3,70.0
-35230.0,-111180.0,139533.6,97.5
-33960.0,-110190.0,139574.1,113.6
-33230.0,-109580.0,139488.7,123.1
-32360.0,-109070.0,139481.4,133.2
-30920.0,-109040.0,139478.3,147.6
-29710.0,-109190.0,139488.2,159.8
-28910.0,-109070.0,139489.7,167.9
-28250.0,-108920.0,139525.9,174.7
-27180.0,-109460.0,139565.7,186.6
-26170.0,-109570.0,139605.8,196.8
-25690.0,-109580.0,139643.2,201.6
-25160.0,-109490.0,139681.5,207.0
-24400.0,-109650.0,139723.3,214.7
-23360.0,-109510.0,139837.7,225.2
-21980.0,-108660.0,140138.1,241.4
-21260.0,-107700.0,140303.0,253.4
-20640.0,-106250.0,140439.7,269.2
-19900.0,-105130.0,140705.5,282.6
-19390.0,-103470.0,140955.9,300.0
-19300.0,-101800.0,140844.2,316.7
-19200.0,-101370.0,140843.6,321.1
-19000.0,-100700.0,140819.5,328.1
-18550.0,-99220.0,140494.2,343.6
-17620.0,-97820.0,140385.7,360.4
-16790.0,-96830.0,140389.9,373.3
-16290.0,-95690.0,140089.6,385.8
-15360.0,-94300.0,140172.6,402.5
-15170.0,-94060.0,140230.1,405.6
-14780.0,-93490.0,140389.0,412.5
-14690.0,-92620.0,140294.6,421.2
-14740.0,-91390.0,140087.1,433.5
-14850.0,-90110.0,140006.2,446.4
-14980.0,-89650.0,140039.8,451.2
-15160.0,-89380.0,140053.7,454.4
-15380.0,-89160.0,140023.2,457.5
-15510.0,-88940.0,139990.7,460.1
-15700.0,-88840.0,139926.7,462.2
-16130.0,-88720.0,139764.3,466.7
-16320.0,-88640.0,139690.7,468.7
-16450.0,-88480.0,139651.7,470.8
-16740.0,-88120.0,139578.8,475.4
-17200.0,-87630.0,139525.4,482.1
-17330.0,-87280.0,139523.7,485.9
-17460.0,-86820.0,139560.8,490.7
-17690.0,-86420.0,139573.7,495.3
-17400.0,-85670.0,139665.2,503.3
-16930.0,-83530.0,139998.7,525.2
-16620.0,-82570.0,140124.9,535.3
-16440.0,-81700.0,140217.0,544.2
-16410.0,-81120.0,140171.9,550.0
-16300.0,-80580.0,140157.5,555.5
-16100.0,-79850.0,140107.1,563.1
-15900.0,-79320.0,140080.3,568.7
-15770.0,-78620.0,140025.4,575.9
-15240.0,-78090.0,139980.4,583.4
-14990.0,-77770.0,139894.0,587.4
-14720.0,-77400.0,139794.8,592.0
-14280.0,-76860.0,139668.4,599.0
-14030.0,-76510.0,139616.5,603.3
-13620.0,-76010.0,139657.3,609.7
-13480.0,-75550.0,139613.8,614.5
-13420.0,-75200.0,139597.8,618.1
-13420.0,-74800.0,139584.4,622.1
-13970.0,-73770.0,139526.4,633.8
-14240.0,-73220.0,139558.1,639.9
-14410.0,-72780.0,139513.9,644.6
-14300.0,-71860.0,139580.5,653.9
-14480.0,-71330.0,139626.6,659.5
-15170.0,-70940.0,139489.7,667.4
-15620.0,-70610.0,139488.8,673.0
-16260.0,-69930.0,139584.7,682.3
-16990.0,-68860.0,139764.1,695.3
-17420.0,-68560.0,139761.3,700.5
-17770.0,-68390.0,139777.6,704.4
-17880.0,-68120.0,139822.3,707.3
-17930.0,-67830.0,139848.7,710.3
-17980.0,-67450.0,139816.7,714.1
-18000.0,-66880.0,139703.4,719.8
-17970.0,-66610.0,139669.2,722.5
-17910.0,-66160.0,139618.0,727.1
-18350.0,-64840.0,139646.0,741.0
-18710.0,-64170.0,139658.0,748.6
-19620.0,-63170.0,139524.6,762.1
-19420.0,-61870.0,139719.9,775.3
-19500.0,-61520.0,139627.9,778.8
-19700.0,-61120.0,139521.3,783.3
-19760.0,-60770.0,139543.3,786.9
-19830.0,-60580.0,139550.6,788.9
-20050.0,-60200.0,139499.0,793.3
-20180.0,-59930.0,139497.2,796.3
-20280.0,-59600.0,139498.2,799.7
-20570.0,-57960.0,139496.8,816.4
-20120.0,-56690.0,139564.2,829.9
-20010.0,-55080.0,139550.3,846.0
-19730.0,-54240.0,139562.1,854.8
-19900.0,-52140.0,139564.8,875.9
-19700.0,-51370.0,139757.2,883.9
-19800.0,-50810.0,139739.6,889.6
-19930.0,-50480.0,139690.5,893.1
-20040.0,-50290.0,139665.4,895.3
-20170.0,-50020.0,139629.5,898.3
-20540.0,-49640.0,139617.4,903.6
-20730.0,-49450.0,139606.5,906.3
-20990.0,-49260.0,139632.7,909.5
-21400.0,-49070.0,139697.0,914.0
-21610.0,-48900.0,139703.7,916.7
-21770.0,-48550.0,139668.5,920.6
-22030.0,-47910.0,139667.3,927.5
-22600.0,-47950.0,139592.5,933.2
-22920.0,-47670.0,139633.9,937.5
-23450.0,-47120.0,139658.4,945.1
-24080.0,-46720.0,139616.7,952.6
-24390.0,-46260.0,139621.6,958.1
-24270.0,-45400.0,139652.7,966.8
-24140.0,-44810.0,139601.0,972.8
-24270.0,-44380.0,139602.7,977.3
-24570.0,-44080.0,139555.9,981.6
-24830.0,-43810.0,139556.0,985.3
-24990.0,-43620.0,139593.4,987.8
-25230.0,-43320.0,139598.4,991.6
-25420.0,-43050.0,139619.8,994.9
-25520.0,-42720.0,139645.5,998.4
-25570.0,-42340.0,139687.7,1002.2
-25600.0,-42130.0,139705.2,1004.3
-25700.0,-41860.0,139743.5,1007.2
-25970.0,-41610.0,139793.1,1010.9
-26210.0,-41390.0,139841.1,1014.2
-26400.0,-41120.0,139853.6,1017.5
-26710.0,-40660.0,139844.9,1023.0
-28220.0,-39310.0,139903.0,1043.3
-28880.0,-38540.0,139944.6,1053.4
-29360.0,-38180.0,139937.0,1059.4
-29650.0,-37960.0,139897.0,1063.0
-29890.0,-37690.0,139867.5,1066.6
-30310.0,-37310.0,139803.9,1072.3
-30740.0,-36220.0,139715.5,1084.0
-31320.0,-34900.0,139594.0,1098.4
-31630.0,-33660.0,139641.3,1111.2
-31620.0,-32930.0,139627.8,1118.5
-31610.0,-32340.0,139594.6,1124.4
-31710.0,-31990.0,139575.0,1128.1
-31760.0,-31560.0,139578.4,1132.4
-31730.0,-30910.0,139592.1,1138.9
-31720.0,-30540.0,139611.0,1142.6
-31930.0,-30190.0,139682.3,1146.7
-33630.0,-29140.0,139594.2,1166.7
-34610.0,-29120.0,139637.7,1176.5
-35070.0,-29170.0,139670.0,1181.1
-35670.0,-29220.0,139694.0,1187.1
-35900.0,-29250.0,139689.5,1189.4
-36050.0,-29290.0,139688.0,1191.0
-36640.0,-29120.0,139719.5,1197.1
-37280.0,-28930.0,139790.4,1203.8
-38010.0,-28890.0,139789.5,1211.1
-38560.0,-28960.0,139810.1,1216.7
-39040.0,-29090.0,139854.8,1221.6
-39580.0,-29010.0,139905.3,1227.1
-40070.0,-28780.0,139969.3,1232.5
-40500.0,-28480.0,139947.7,1237.8
-40890.0,-27880.0,140003.7,1244.9
-40650.0,-27450.0,140073.4,1249.8
-40340.0,-26890.0,140177.5,1256.2
-40320.0,-26370.0,140310.7,1261.4
-40320.0,-26070.0,140355.1,1264.4
-40390.0,-25800.0,140430.8,1267.2
-40600.0,-25400.0,140499.5,1271.7
-40590.0,-25190.0,140552.4,1273.8
-40560.0,-24980.0,140614.5,1276.0
-40390.0,-24530.0,140771.6,1280.8
-40090.0,-23840.0,140927.8,1288.3
-39900.0,-23490.0,140991.3,1292.3
-39730.0,-23190.0,141059.1,1295.7
-39660.0,-22600.0,141217.8,1301.7
-39760.0,-22110.0,141404.3,1306.7
-39870.0,-21690.0,141540.2,1311.0
-39710.0,-21280.0,141658.1,1315.4
-39190.0,-20850.0,141783.2,1322.2
-38840.0,-20300.0,141990.0,1328.7
-38490.0,-19050.0,142431.2,1341.7
-38090.0,-17620.0,142844.7,1356.5
-37230.0,-15910.0,143346.0,1375.7
-36760.0,-14140.0,143791.0,1394.0
-36600.0,-13740.0,143907.3,1398.3
-36370.0,-13370.0,144035.8,1402.6
-36130.0,-13080.0,144080.9,1406.4
-35850.0,-12150.0,144212.4,1416.1
-35690.0,-11840.0,144299.1,1419.6
-35490.0,-11050.0,144630.7,1427.7
-35150.0,-10770.0,144809.4,1432.2
-34810.0,-9820.0,145152.7,1442.2
-34540.0,-9250.0,145380.6,1448.6
-34300.0,-9120.0,145482.5,1451.3
-34070.0,-9170.0,145540.0,1453.6
-33490.0,-9660.0,145673.9,1461.2
-33200.0,-9830.0,145731.6,1464.6
-32840.0,-9920.0,145856.4,1468.3
-32590.0,-9780.0,145952.5,1471.2
-32540.0,-9610.0,146001.8,1472.9
-32590.0,-9430.0,146041.3,1474.8
-32840.0,-8910.0,146207.0,1480.6
-32880.0,-8340.0,146327.2,1486.3
-32940.0,-7800.0,146456.0,1491.7
-32770.0,-7410.0,146622.0,1496.0
-32700.0,-7090.0,146747.3,1499.3
-32870.0,-6740.0,146826.3,1503.1
-33110.0,-6200.0,146941.2,1509.1
-33180.0,-5830.0,147081.3,1512.8
-33130.0,-5470.0,147244.6,1516.5
-33030.0,-5310.0,147361.4,1518.3
-32780.0,-5230.0,147514.2,1521.0
-32500.0,-4830.0,147801.2,1525.8
-32220.0,-4310.0,148152.0,1531.8
-32160.0,-4090.0,148265.9,1534.0
-32130.0,-3940.0,148346.8,1535.6
-31910.0,-3850.0,148489.8,1537.9
-31730.0,-3920.0,148556.0,1539.9
-31430.0,-4120.0,148652.4,1543.5
-31200.0,-4370.0,148715.5,1546.9
-31030.0,-4550.0,148816.3,1549.3
-30850.0,-4650.0,148887.4,1551.4
-30640.0,-4760.0,148978.8,1553.8
-30410.0,-4800.0,149038.7,1556.1
-30190.0,-4810.0,149077.3,1558.3
-29800.0,-4680.0,149150.2,1562.4
-29580.0,-4690.0,149191.4,1564.6
-29390.0,-4720.0,149239.5,1566.6
-29120.0,-4620.0,149374.7,1569.4
-28860.0,-4510.0,149469.2,1572.3
-28400.0,-4450.0,149590.3,1576.9
-27690.0,-4260.0,149774.2,1584.2
-27470.0,-4120.0,149876.2,1586.9
-27180.0,-4090.0,149979.5,1589.8
-26940.0,-3920.0,150104.7,1592.7
-26710.0,-3880.0,150191.9,1595.0
-26500.0,-3910.0,150240.0,1597.2
-26220.0,-3880.0,150327.0,1600.0
-26030.0,-3670.0,150436.5,1602.8
-25790.0,-3690.0,150515.7,1605.2
-25670.0,-3810.0,150513.2,1606.9
-25300.0,-3750.0,150599.6,1610.7
-24990.0,-3560.0,150747.4,1614.3
-24830.0,-3380.0,150845.7,1616.7
-24710.0,-3140.0,150947.0,1619.4
-24670.0,-2920.0,151048.0,1621.6
-24640.0,-2690.0,151172.5,1623.9
-24650.0,-2430.0,151316.6,1626.6
-24810.0,-1960.0,151530.3,1631.5
-24740.0,-1770.0,151651.7,1633.5
-24540.0,-1660.0,151751.7,1635.8
-24380.0,-1660.0,151792.2,1637.4
-24250.0,-1600.0,151842.8,1638.9
-24200.0,-1450.0,151915.6,1640.4
-24450.0,-1140.0,152059.1,1644.4
-24630.0,-740.0,152208.2,1648.8
-24690.0,-240.0,152413.7,1653.8
-24520.0,1160.0,153199.9,1667.9
-24280.0,2050.0,153748.9,1677.2
-24150.0,2280.0,153912.2,1679.8
-23930.0,2480.0,154078.8,1682.8
-23680.0,2510.0,154191.5,1685.3
-23560.0,2630.0,154289.1,1687.0
-23590.0,2830.0,154375.3,1689.0
-23670.0,2990.0,154452.6,1690.8
-23700.0,3210.0,154546.1,1693.0
-23560.0,3350.0,154667.0,1695.0
-22590.0,3620.0,155152.4,1705.1
-21370.0,3610.0,155708.1,1717.3
-21220.0,3660.0,155768.6,1718.9
-21170.0,3790.0,155828.9,1720.2
-21490.0,4480.0,156109.0,1727.9
-21700.0,5230.0,156406.1,1735.6
-21670.0,5440.0,156506.5,1737.8
-21460.0,5570.0,156615.9,1740.2
-21130.0,5600.0,156760.8,1743.5
-20490.0,5410.0,157064.2,1750.2
-19810.0,5550.0,157344.8,1757.2
-19380.0,5650.0,157554.9,1761.6
-18810.0,5880.0,157886.5,1767.7
-18630.0,5830.0,157956.5,1769.6
-18470.0,5730.0,158016.0,1771.5
-18300.0,5730.0,158065.0,1773.2
-18110.0,5830.0,158161.4,1775.3
-18100.0,6000.0,158217.2,1777.0
-18170.0,6230.0,158252.5,1779.4
-18170.0,6430.0,158321.1,1781.4
-18140.0,6620.0,158408.7,1783.4
-17940.0,6760.0,158499.9,1785.8
-17680.0,6800.0,158560.7,1788.4
-17280.0,6880.0,158604.9,1792.5
-16730.0,6920.0,158604.9,1798.0
-16170.0,6910.0,158624.7,1803.6
-15660.0,6910.0,158550.0,1808.7
-14960.0,6700.0,158363.9,1816.0
-14600.0,6450.0,158273.5,1820.4
-14100.0,5690.0,158198.0,1829.5
-13770.0,5530.0,158195.0,1833.2
-13300.0,5390.0,158212.0,1838.1
-13000.0,5170.0,158243.7,1841.8
-11920.0,4580.0,158258.3,1854.1
-10120.0,3660.0,158253.8,1874.3
-8940.0,2900.0,158255.7,1888.4
-8020.0,2060.0,158311.7,1900.8
-6840.0,1330.0,158180.8,1914.7
-6130.0,540.0,158244.6,1925.3
-5090.0,-590.0,158255.9,1940.7
-4540.0,-1290.0,158261.7,1949.6
-4180.0,-1570.0,158259.5,1954.1
-3200.0,-1860.0,158263.5,1964.4
-1940.0,-2250.0,158254.8,1977.5
-600.0,-2680.0,158267.1,1991.6
390.0,-2570.0,158279.8,2001.6
1240.0,-2580.0,158290.3,2010.1
1720.0,-2590.0,158327.6,2014.9
2220.0,-2770.0,158454.3,2020.2
2550.0,-2670.0,158462.6,2023.6
3720.0,-2340.0,158374.5,2035.8
4640.0,-1870.0,158287.0,2046.1
4990.0,-1510.0,158332.7,2051.2
5120.0,-1340.0,158336.9,2053.3
5750.0,-1110.0,158400.2,2060.0
5890.0,-950.0,158398.7,2062.1
6160.0,-960.0,158415.4,2064.8
6860.0,-930.0,158438.2,2071.8
7480.0,-650.0,158488.0,2078.6
7970.0,-460.0,158522.0,2083.9
8360.0,-480.0,158624.7,2087.8
8760.0,-410.0,158700.4,2091.9
9100.0,-150.0,158724.4,2096.1
9430.0,10.0,158780.0,2099.8
10280.0,1110.0,158702.6,2113.7
10430.0,1500.0,158587.6,2117.9
10740.0,1960.0,158460.5,2123.4
11310.0,2560.0,158310.0,2131.7
12250.0,3520.0,158313.9,2145.1
12620.0,4230.0,158303.6,2153.2
12790.0,4620.0,158371.0,2157.4
12620.0,4880.0,158419.6,2160.5
12520.0,5070.0,158447.4,2162.7
12580.0,5270.0,158472.2,2164.7
12680.0,5460.0,158495.7,2166.9
13110.0,5940.0,158546.7,2173.3
13810.0,6580.0,158558.6,2182.8
13930.0,6830.0,158530.3,2185.6
14460.0,7140.0,158625.4,2191.7
15020.0,7480.0,158695.7,2198.3
15680.0,8010.0,158678.3,2206.8
16000.0,8380.0,158622.4,2211.6
16520.0,8810.0,158590.4,2218.4
16930.0,9300.0,158579.8,2224.8
17170.0,9710.0,158551.8,2229.5
17230.0,10390.0,158615.5,2236.4
17270.0,11350.0,158570.2,2246.0
17450.0,11630.0,158555.8,2249.3
17570.0,11800.0,158561.3,2251.4
17900.0,12240.0,158511.5,2256.9
18660.0,13020.0,158433.3,2267.8
19080.0,13460.0,158378.2,2273.8
19610.0,13920.0,158362.2,2280.9
19880.0,14210.0,158184.7,2284.8
20300.0,14880.0,158216.0,2292.7
21000.0,15960.0,158526.3,2305.6
21660.0,17280.0,158507.6,2320.4
22250.0,18030.0,158603.8,2329.9
22400.0,19100.0,158523.3,2340.7
22610.0,20140.0,158445.4,2351.3
23150.0,21350.0,158565.5,2364.6
23470.0,22290.0,158440.8,2374.5
23680.0,23650.0,158425.0,2388.3
24050.0,24470.0,158450.3,2397.3
24420.0,25490.0,158504.6,2408.1
24610.0,26070.0,158479.5,2414.2
24710.0,26500.0,158455.8,2418.6
24910.0,26930.0,158471.8,2423.4
25040.0,27480.0,158482.9,2429.0
25110.0,29110.0,158707.8,2445.3
25370.0,29630.0,158787.4,2451.2
25240.0,30290.0,158730.4,2457.9
25420.0,30700.0,158833.0,2462.4
25480.0,30850.0,158859.7,2464.0
25480.0,31220.0,158826.7,2467.7
25490.0,31580.0,158803.1,2471.3
25740.0,32110.0,158741.7,2477.1
26040.0,32610.0,158710.9,2483.0
26580.0,34450.0,158632.2,2502.1
26450.0,35560.0,158529.5,2513.3
26380.0,36010.0,158566.1,2517.9
26080.0,36280.0,158545.8,2521.9
25580.0,36410.0,158526.7,2527.1
25230.0,36720.0,158532.8,2531.7
24780.0,37230.0,158559.9,2538.5
24550.0,37660.0,158595.0,2543.4
24280.0,38470.0,158681.3,2552.0
23630.0,39820.0,158634.8,2566.9
23040.0,41550.0,158689.7,2585.2
22830.0,42090.0,158710.4,2591.0
22820.0,43090.0,158622.9,2601.0
22590.0,44270.0,158524.8,2613.0
22130.0,45680.0,158790.3,2627.9
21900.0,46110.0,158704.3,2632.7
21690.0,46420.0,158774.2,2636.5
21350.0,46810.0,158867.8,2641.7
21220.0,47080.0,158903.4,2644.7
21200.0,47460.0,158972.4,2648.5
21210.0,47800.0,159022.4,2651.9
21270.0,48120.0,159086.8,2655.1
21500.0,48280.0,159128.3,2657.9
21880.0,48470.0,159199.5,2662.2
22050.0,48830.0,159265.3,2666.2
22050.0,49120.0,159275.3,2669.1
21730.0,49390.0,159174.4,2673.2
21620.0,49520.0,159145.6,2674.9
21670.0,50060.0,159144.4,2680.4
21710.0,50430.0,159209.8,2684.1
21760.0,50660.0,159263.0,2686.4
21910.0,50980.0,159341.4,2690.0
21740.0,51380.0,159380.3,2694.3
21800.0,52310.0,159547.2,2703.6
21990.0,53200.0,159701.1,2712.7
21850.0,54790.0,160107.1,2728.7
21520.0,55890.0,160420.3,2740.2
21530.0,56300.0,160520.0,2744.3
21950.0,57200.0,160858.6,2754.2
22480.0,58010.0,161190.0,2763.9
23090.0,58990.0,161555.3,2775.4
23270.0,59300.0,161661.5,2779.0
23230.0,59520.0,161640.7,2781.3
23060.0,59740.0,161554.7,2784.1
22890.0,59920.0,161538.8,2786.5
22280.0,60540.0,161719.8,2795.2
22210.0,60840.0,161855.6,2798.3
22480.0,61120.0,162020.9,2802.2
22900.0,61440.0,162189.8,2807.5
23480.0,61920.0,162502.7,2815.0
24320.0,62660.0,162963.8,2826.2
24500.0,62910.0,163119.1,2829.3
24380.0,63130.0,163256.7,2831.8
23930.0,63330.0,163419.3,2836.7
23700.0,63680.0,163567.6,2840.9
23730.0,64120.0,163783.3,2845.3
23580.0,64610.0,163958.3,2850.4
23630.0,64770.0,164054.0,2852.1
23990.0,64990.0,164293.2,2856.3
24490.0,65060.0,164448.7,2861.4
24520.0,65300.0,164569.1,2863.8
23760.0,66260.0,165060.2,2876.0
23740.0,66410.0,165125.9,2877.6
23810.0,66640.0,165266.8,2880.0
24080.0,66980.0,165510.1,2884.3
24990.0,67690.0,165933.9,2895.8
25500.0,68010.0,166196.0,2901.9
25670.0,68170.0,166267.3,2904.2
26310.0,69250.0,166895.6,2916.7
26470.0,70020.0,167312.8,2924.6
26380.0,70150.0,167422.9,2926.2
26190.0,70200.0,167506.0,2928.2
25850.0,70280.0,167626.3,2931.7
25670.0,70320.0,167674.2,2933.5
25590.0,70410.0,167726.3,2934.7
25640.0,70560.0,167815.1,2936.3
25780.0,70650.0,167868.6,2937.9
26020.0,70880.0,167982.8,2941.3
26180.0,71150.0,168110.8,2944.4
26120.0,71430.0,168274.7,2947.3
25990.0,71710.0,168512.2,2950.4
25910.0,71820.0,168624.7,2951.7
25720.0,71840.0,168703.7,2953.6
25690.0,71960.0,168782.2,2954.9
25820.0,72070.0,168839.4,2956.6
25830.0,72200.0,168905.8,2957.9
25640.0,72230.0,168974.4,2959.8
25740.0,72370.0,169059.5,2961.5
25770.0,72510.0,169108.6,2962.9
25420.0,72630.0,169277.2,2966.6
25310.0,72830.0,169395.7,2968.9
25510.0,73020.0,169503.9,2971.7
25530.0,73090.0,169535.7,2972.4
25580.0,73250.0,169580.0,2974.1
25430.0,73330.0,169667.4,2975.8
25330.0,73400.0,169727.6,2977.0
25440.0,73640.0,169802.0,2979.7
25300.0,73710.0,169919.2,2981.2
25100.0,73800.0,170034.2,2983.4
24930.0,73930.0,170126.6,2985.6
24820.0,74140.0,170288.0,2987.9
24670.0,74200.0,170347.1,2989.5
24480.0,74320.0,170444.1,2991.8
24300.0,74530.0,170600.5,2994.6
24060.0,74590.0,170688.5,2997.0
24140.0,74820.0,170815.0,2999.5
24180.0,74880.0,170845.2,3000.2
23860.0,75280.0,171078.6,3005.3
23490.0,75690.0,171280.0,3010.8
23270.0,76080.0,171484.1,3015.3
23030.0,76730.0,171784.8,3022.2
23060.0,76880.0,171877.5,3023.8
23270.0,76880.0,171963.6,3025.9
23640.0,76980.0,172097.6,3029.7
23820.0,77050.0,172152.8,3031.6
23750.0,77160.0,172205.5,3032.9
23710.0,77210.0,172230.4,3033.6
23570.0,77480.0,172367.0,3036.6
23570.0,77740.0,172492.6,3039.2
23700.0,77970.0,172652.5,3041.9
23750.0,78060.0,172715.4,3042.9
23700.0,78150.0,172747.3,3043.9
23530.0,78350.0,172852.5,3046.5
23580.0,78520.0,172984.0,3048.3
23480.0,78770.0,173089.0,3051.0
23230.0,79160.0,173224.6,3055.6
23150.0,79380.0,173341.3,3058.0
22860.0,79600.0,173455.5,3061.6
22760.0,80130.0,173738.5,3067.0
22690.0,80390.0,173852.1,3069.7
22050.0,80790.0,174118.0,3077.3
21780.0,80890.0,174176.4,3080.1
21540.0,81210.0,174327.2,3084.1
21270.0,81550.0,174500.4,3088.5
21070.0,81770.0,174592.5,3091.4
20630.0,82150.0,174720.3,3097.3
20420.0,82530.0,174861.1,3101.6
20440.0,82990.0,175093.5,3106.2
20360.0,83240.0,175187.5,3108.8
20140.0,83840.0,175486.5,3115.2
19750.0,84390.0,175782.7,3122.0
19560.0,84790.0,176021.8,3126.4
19470.0,85170.0,176276.7,3130.3
19400.0,85630.0,176559.2,3134.9
19130.0,85810.0,176719.4,3138.2
18860.0,85920.0,176813.4,3141.1
18590.0,85950.0,176871.6,3143.8
18360.0,86020.0,176931.7,3146.2
18210.0,86140.0,177007.7,3148.2
17830.0,86280.0,177052.7,3152.2
17620.0,86420.0,177192.7,3154.7
17540.0,86650.0,177386.5,3157.2
17620.0,86710.0,177466.7,3158.2
17940.0,86820.0,177615.7,3161.5
18010.0,87050.0,177787.5,3163.9
17990.0,87200.0,177871.9,3165.5
17880.0,87400.0,177955.1,3167.7
17880.0,87650.0,178156.9,3170.2
17800.0,87840.0,178260.0,3172.3
17790.0,88010.0,178344.1,3174.0
17500.0,88370.0,178577.7,3178.6
17220.0,88770.0,178811.1,3183.5
17250.0,88940.0,178924.7,3185.2
17270.0,88970.0,178959.5,3185.6
17450.0,89110.0,179119.7,3187.9
17580.0,89320.0,179269.0,3190.4
17550.0,89520.0,179370.5,3192.4
17270.0,89670.0,179460.3,3195.5
17120.0,89820.0,179574.9,3197.7
16940.0,89980.0,179666.5,3200.1
16860.0,90160.0,179740.8,3202.0
16850.0,90410.0,179898.3,3204.6
16570.0,90830.0,180060.6,3209.6
16280.0,90990.0,180109.4,3212.9
16200.0,91140.0,180184.0,3214.6
16180.0,91570.0,180411.4,3218.9
16170.0,91830.0,180583.3,3221.5
16020.0,91900.0,180611.3,3223.2
15840.0,92100.0,180762.7,3225.9
15880.0,92250.0,180864.0,3227.4
15780.0,92480.0,181045.1,3229.9
15490.0,92620.0,181168.7,3233.1
15630.0,92960.0,181408.5,3236.8
15620.0,93180.0,181549.3,3239.0
15490.0,93430.0,181706.7,3241.8
15320.0,93710.0,181858.9,3245.1
15350.0,94360.0,182185.5,3251.6
15380.0,95510.0,182750.1,3263.1
15370.0,96700.0,183388.5,3275.0
15160.0,98760.0,184539.5,3295.7
14750.0,99730.0,185115.5,3306.3
14730.0,100260.0,185378.3,3311.6
14850.0,100750.0,185704.4,3316.6
14620.0,100890.0,185668.0,3319.3
14100.0,101270.0,185865.9,3325.7
14040.0,101570.0,186057.2,3328.8
14490.0,101740.0,186273.6,3333.6
14910.0,101830.0,186403.8,3337.9
15050.0,101870.0,186452.1,3339.4
14640.0,102590.0,186829.4,3347.7
14520.0,102850.0,186937.7,3350.5
14570.0,103000.0,187038.9,3352.1
15250.0,103420.0,187444.4,3360.1
15380.0,103580.0,187569.8,3362.2
14960.0,104100.0,187775.1,3368.8
14990.0,104280.0,187886.2,3370.7
15690.0,104750.0,188361.2,3379.1
16440.0,105050.0,188732.5,3387.2
16760.0,105380.0,189005.4,3391.8
16480.0,105770.0,189252.3,3396.6
16420.0,105950.0,189405.9,3398.5
16430.0,106400.0,189727.5,3403.0
16490.0,106640.0,189848.9,3405.4
16720.0,106740.0,189994.7,3407.9
17090.0,106740.0,190133.4,3411.6
17300.0,106820.0,190184.1,3413.9
17360.0,107040.0,190316.3,3416.2
17240.0,107600.0,190597.1,3421.9
17240.0,107850.0,190707.2,3424.4
17190.0,107960.0,190747.2,3425.6
17180.0,108070.0,190799.8,3426.7
16750.0,108430.0,190964.6,3432.3
17290.0,109060.0,191499.8,3440.6
17730.0,109310.0,191792.7,3445.7
18310.0,109630.0,192171.3,3452.3
18840.0,109960.0,192552.1,3458.6
19090.0,110070.0,192713.7,3461.3
19080.0,110410.0,192952.2,3464.7
19120.0,110670.0,193133.0,3467.3
19380.0,110770.0,193310.4,3470.1
19320.0,110960.0,193415.5,3472.1
19620.0,111060.0,193576.7,3475.3
19770.0,111060.0,193615.5,3476.8
19920.0,111140.0,193679.8,3478.5
20010.0,111510.0,193918.0,3482.3
20560.0,112230.0,194482.0,3491.3
20860.0,112380.0,194645.3,3494.7
21560.0,112250.0,194992.3,3501.8
22070.0,112060.0,195244.3,3507.2
22290.0,112030.0,195347.7,3509.5
22430.0,112130.0,195465.3,3511.2
22550.0,112230.0,195593.6,3512.7
22760.0,112220.0,195737.1,3514.8
22930.0,112140.0,195807.1,3516.7
23240.0,112060.0,195944.7,3519.9
23420.0,112070.0,196047.8,3521.7
23530.0,112240.0,196166.3,3523.8
23840.0,112160.0,196316.2,3527.0
24120.0,112160.0,196447.4,3529.8
24310.0,112190.0,196556.7,3531.7
24570.0,112300.0,196728.0,3534.5
24620.0,112790.0,197036.1,3539.4
24740.0,112900.0,197156.1,3541.1
25250.0,112850.0,197459.0,3546.2
25390.0,113150.0,197720.4,3549.5
25490.0,113650.0,197973.7,3554.6
25950.0,113510.0,198209.7,3559.4
26340.0,113330.0,198387.2,3563.7
27220.0,113390.0,198814.5,3572.5
27570.0,114010.0,199337.7,3579.6
27770.0,114220.0,199565.4,3582.5
28030.0,114270.0,199711.6,3585.2
28480.0,114260.0,199935.5,3589.7
28990.0,114330.0,200303.2,3594.8
29650.0,114420.0,200659.2,3601.5
30230.0,114010.0,200864.0,3608.6
30650.0,113600.0,201153.1,3614.5
30800.0,112840.0,201080.5,3622.2
31070.0,112640.0,201168.2,3625.6
31400.0,112430.0,201259.7,3629.5
31760.0,112400.0,201452.7,3633.1
32340.0,112520.0,201837.5,3639.0
32950.0,112110.0,201965.2,3646.4
33470.0,111600.0,202312.6,3653.6
33920.0,110980.0,202512.6,3661.3
33790.0,110460.0,202337.6,3666.7
33910.0,110230.0,202351.0,3669.3
34140.0,110250.0,202509.1,3671.6
34390.0,110220.0,202670.7,3674.1
34750.0,110140.0,202889.5,3677.8
35130.0,110060.0,203081.7,3681.7
35910.0,109670.0,203430.1,3690.4
36290.0,109520.0,203604.2,3694.5
36340.0,109870.0,203720.1,3698.0
36320.0,110270.0,203826.2,3702.0
36330.0,110630.0,203931.9,3705.6
36660.0,110700.0,204146.5,3709.0
37090.0,110670.0,204378.8,3713.3
37540.0,110360.0,204525.5,3718.8
37990.0,110030.0,204666.0,3724.3
38390.0,109420.0,204755.8,3731.6
38660.0,109060.0,204823.6,3736.1
38820.0,108750.0,204809.6,3739.6
38980.0,108560.0,204797.0,3742.1
39090.0,108240.0,204763.1,3745.5
39290.0,108140.0,204833.7,3747.7
39460.0,107790.0,204903.2,3751.6
39590.0,107530.0,204952.0,3754.5
39730.0,107150.0,205035.0,3758.6
39830.0,106670.0,205274.6,3763.5
39900.0,106390.0,205446.5,3766.4
40050.0,106160.0,205589.7,3769.1
40170.0,105970.0,205664.3,3771.4
40120.0,105730.0,205682.7,3773.8
40070.0,105450.0,205689.8,3776.7
40160.0,105020.0,205755.0,3781.0
40300.0,104910.0,205783.4,3782.8
40640.0,104640.0,205875.8,3787.2
41050.0,104350.0,205997.9,3792.2
41350.0,104130.0,206129.0,3795.9
41790.0,104040.0,206293.0,3800.4
42000.0,104130.0,206388.4,3802.7
42370.0,104400.0,206599.2,3807.3
42580.0,104560.0,206721.0,3809.9
42900.0,104690.0,206854.2,3813.4
43160.0,104890.0,206957.9,3816.6
43480.0,104850.0,207026.2,3819.9
43910.0,104800.0,207109.2,3824.2
44480.0,105200.0,207290.7,3831.2
45110.0,105310.0,207575.0,3837.6
45610.0,104910.0,207661.6,3844.0
45880.0,104450.0,207859.3,3849.3
46230.0,104280.0,208020.7,3853.2
46790.0,104140.0,208331.4,3859.0
47070.0,104320.0,208528.9,3862.3
47420.0,104390.0,208722.1,3865.8
47630.0,104410.0,208831.0,3868.0
48020.0,104060.0,209010.6,3873.2
48410.0,103980.0,209213.4,3877.2
48620.0,104230.0,209447.0,3880.4
48860.0,104670.0,209647.2,3885.5
49140.0,104760.0,209814.8,3888.4
49000.0,105260.0,209942.7,3893.6
49210.0,105520.0,210077.4,3896.9
49520.0,105950.0,210317.2,3902.2
49520.0,106200.0,210448.7,3904.7
49480.0,106730.0,210685.7,3910.0
49780.0,106480.0,210783.7,3914.0
49830.0,106660.0,210822.9,3915.8
49790.0,106840.0,210859.8,3917.7
50390.0,107270.0,211207.5,3925.0
50600.0,107660.0,211449.6,3929.5
50950.0,107800.0,211707.3,3933.2
51250.0,107860.0,211813.3,3936.3
51740.0,107740.0,212068.8,3941.4
51880.0,107720.0,212136.7,3942.8
52180.0,107870.0,212275.2,3946.1
52480.0,107640.0,212428.9,3949.9
52680.0,107410.0,212540.6,3952.9
52910.0,107220.0,212640.6,3955.9
53160.0,107080.0,212758.4,3958.8
53550.0,106840.0,212937.6,3963.4
53740.0,106750.0,213033.8,3965.5
54040.0,107020.0,213241.8,3969.5
54460.0,107320.0,213553.2,3974.7
54740.0,107210.0,213722.9,3977.7
55080.0,107450.0,213980.4,3981.8
55410.0,107800.0,214229.7,3986.7
55640.0,107690.0,214378.8,3989.2
55780.0,107450.0,214442.7,3992.0
56140.0,107500.0,214670.9,3995.6
56330.0,107180.0,214833.8,3999.3
56480.0,107060.0,214880.1,4001.3
56830.0,107030.0,215026.1,4004.8
57050.0,107190.0,215195.1,4007.5
57150.0,107440.0,215333.0,4010.2
57420.0,107540.0,215512.4,4013.1
58150.0,107040.0,215554.3,4021.9
58480.0,106870.0,215702.1,4025.6
58800.0,106650.0,215821.9,4029.5
59210.0,106430.0,216027.2,4034.2
59320.0,106510.0,216144.6,4035.5
59310.0,106800.0,216205.5,4038.4
59340.0,106920.0,216302.9,4039.7
59400.0,107110.0,216456.3,4041.7
59470.0,107220.0,216531.7,4043.0
59370.0,107350.0,216480.1,4044.6
59360.0,107490.0,216526.5,4046.0
59520.0,107570.0,216693.2,4047.8
59700.0,107550.0,216795.2,4049.6
60100.0,107410.0,217049.8,4053.8
60380.0,107220.0,217221.5,4057.2
60710.0,107160.0,217380.8,4060.6
60920.0,107470.0,217572.7,4064.3
61270.0,107430.0,217771.4,4067.8
61350.0,107860.0,218011.8,4072.2
61220.0,108490.0,218149.0,4078.7
61090.0,109060.0,218403.7,4084.5
60940.0,109310.0,218399.3,4087.4
60900.0,109490.0,218499.0,4089.3
60950.0,109630.0,218692.5,4090.7
60960.0,109860.0,218891.8,4093.0
60900.0,110080.0,218954.9,4095.3
60940.0,110350.0,219163.1,4098.1
60970.0,110600.0,219319.9,4100.6
60850.0,110810.0,219246.4,4103.0
60650.0,110950.0,219159.3,4105.4
60560.0,111200.0,219249.5,4108.1
60450.0,111590.0,219442.9,4112.1
60320.0,111960.0,219627.3,4116.1
60280.0,112360.0,219828.3,4120.1
60310.0,112740.0,220033.1,4123.9
60130.0,113150.0,220144.9,4128.4
59930.0,113430.0,220262.6,4131.8
59760.0,113540.0,220280.7,4133.8
59680.0,113790.0,220486.1,4136.5
59650.0,114050.0,220721.9,4139.1
59520.0,114140.0,220633.8,4140.7
59380.0,114390.0,220751.5,4143.5
59310.0,114650.0,221451.5,4146.2
59340.0,114840.0,221827.6,4148.1
59300.0,114980.0,221911.4,4149.6
59110.0,115130.0,221777.6,4152.0
58760.0,115350.0,221536.7,4156.2
58540.0,115590.0,221540.2,4159.4
58460.0,116020.0,221770.8,4163.8
58300.0,116440.0,222129.3,4168.3
58380.0,116830.0,222168.7,4172.3
58580.0,116850.0,222271.3,4174.3
58760.0,116750.0,222399.5,4176.3
58910.0,116730.0,222487.3,4177.8
58960.0,116450.0,222510.7,4180.7
59110.0,116240.0,222517.2,4183.3
59310.0,116150.0,222583.1,4185.5
59550.0,116240.0,222719.8,4188.0
59720.0,116130.0,222788.4,4190.0
59950.0,115850.0,222852.0,4193.7
60190.0,115700.0,223008.6,4196.5
60340.0,115680.0,223137.0,4198.0
60450.0,115850.0,223308.1,4200.0
60620.0,116210.0,223668.3,4204.0
60770.0,116440.0,223879.7,4206.8
61050.0,116710.0,224148.4,4210.7
61430.0,116820.0,224548.3,4214.6
61640.0,117020.0,224669.0,4217.5
61760.0,117060.0,224726.8,4218.8
61830.0,116880.0,224799.5,4220.7
61980.0,116600.0,224872.8,4223.9
62160.0,116400.0,224969.2,4226.6
62560.0,116400.0,225186.8,4230.6
62730.0,116630.0,225426.2,4233.4
62800.0,116830.0,225794.1,4235.6
62860.0,117140.0,225976.6,4238.7
63030.0,117410.0,226107.7,4241.9
63210.0,117530.0,226176.6,4244.1
63390.0,117460.0,226341.2,4246.0
63420.0,117260.0,226411.5,4248.0
63550.0,117110.0,226458.8,4250.0
63830.0,117160.0,226630.7,4252.9
64280.0,117390.0,226985.3,4257.9
64940.0,117690.0,227343.0,4265.2
65710.0,117850.0,227816.3,4273.0
66170.0,117980.0,228226.4,4277.8
66520.0,118230.0,228595.7,4282.1
66830.0,118100.0,228849.3,4285.5
67140.0,118020.0,229081.1,4288.7
67380.0,118000.0,229236.8,4291.1
67640.0,117970.0,229401.0,4293.7
67780.0,118020.0,229510.1,4295.2
67990.0,118100.0,229678.2,4297.4
68260.0,118250.0,229950.9,4300.5
68630.0,118310.0,230257.8,4304.3
69020.0,118330.0,230513.6,4308.2
69490.0,118280.0,230879.0,4312.9
69750.0,117990.0,231072.8,4316.8
70000.0,118170.0,231300.1,4319.9
70400.0,118300.0,231584.4,4324.1
70940.0,118140.0,231951.1,4329.7
71170.0,118260.0,232225.8,4332.3
71190.0,118490.0,232276.6,4334.6
71250.0,118660.0,232309.7,4336.4
71450.0,118890.0,232455.4,4339.5
71700.0,119030.0,232602.2,4342.3
71840.0,119000.0,232686.9,4343.8
72130.0,118830.0,232887.1,4347.1
72300.0,118430.0,233283.2,4351.5
72900.0,118210.0,233934.2,4357.9
73120.0,118190.0,234153.7,4360.1
73600.0,118230.0,234551.8,4364.9
73950.0,118340.0,234811.1,4368.5
74580.0,118600.0,235214.2,4375.4
74930.0,118740.0,235546.9,4379.1
75210.0,118770.0,235730.4,4381.9
75400.0,118930.0,236021.0,4384.4
75610.0,118940.0,236172.4,4386.5
75730.0,118950.0,236239.3,4387.7
75880.0,119070.0,236372.5,4389.7
76140.0,119040.0,236522.4,4392.3
76350.0,119050.0,236653.1,4394.4
76570.0,119280.0,236842.8,4397.6
76770.0,119040.0,236931.2,4400.7
76920.0,118830.0,236990.4,4403.3
77140.0,118700.0,237133.0,4405.8
77380.0,118690.0,237330.4,4408.2
77440.0,118810.0,237420.8,4409.6
77320.0,118960.0,237368.8,4411.5
77250.0,119150.0,237421.4,4413.5
77280.0,119340.0,237465.8,4415.4
77360.0,119400.0,237526.1,4416.4
77540.0,119260.0,237644.0,4418.7
77650.0,119000.0,237690.0,4421.5
77810.0,118820.0,237752.3,4423.9
78110.0,118580.0,237959.5,4427.8
78360.0,118450.0,238199.3,4430.6
78520.0,118620.0,238367.4,4432.9
78540.0,118820.0,238475.2,4435.0
78700.0,119130.0,238700.0,4438.4
78730.0,119550.0,238798.2,4442.7
78990.0,119690.0,239090.2,4445.6
79280.0,119530.0,239396.8,4448.9
79390.0,119450.0,239576.9,4450.3
79620.0,119520.0,239848.4,4452.7
79830.0,119610.0,239969.5,4455.0
80100.0,119520.0,240189.0,4457.8
80360.0,119520.0,240459.1,4460.4
80420.0,119670.0,240550.2,4462.0
80710.0,119670.0,240771.6,4464.9
80910.0,119800.0,241005.7,4467.3
81580.0,120030.0,241515.9,4474.4
82090.0,119900.0,241705.7,4479.7
82410.0,119770.0,241581.3,4483.1
82600.0,119990.0,241880.2,4486.0
82680.0,120160.0,242051.4,4487.9
82670.0,120350.0,242168.3,4489.8
82730.0,120480.0,242293.7,4491.2
83370.0,120880.0,242764.6,4498.8
84130.0,120950.0,243351.3,4506.4
84720.0,121210.0,243986.0,4512.9
85210.0,121280.0,244427.5,4517.8
86010.0,121530.0,245194.0,4526.2
86770.0,121330.0,245625.4,4534.0
87390.0,121240.0,246086.3,4540.3
87910.0,121080.0,246331.6,4545.8
88320.0,121020.0,246555.2,4549.9
88330.0,121440.0,246786.2,4554.1
88280.0,121580.0,246810.1,4555.6
88240.0,121740.0,246864.2,4557.2
88260.0,121930.0,246942.1,4559.1
88210.0,122260.0,247013.8,4562.5
88310.0,122460.0,246968.1,4564.7
88390.0,122690.0,246894.5,4567.2
88460.0,122910.0,246713.1,4569.5
88560.0,123130.0,246576.1,4571.9
88550.0,123320.0,246733.7,4573.8
88440.0,123360.0,246870.1,4575.0
88290.0,123490.0,246936.2,4576.9
88240.0,123650.0,246942.6,4578.6
88120.0,123720.0,247158.5,4580.0
87980.0,123820.0,247417.3,4581.7
87870.0,123830.0,247529.2,4582.8
87530.0,123750.0,247683.9,4586.3
87210.0,124050.0,247935.4,4590.7
86970.0,124410.0,248318.7,4595.0
86680.0,124820.0,248543.9,4600.1
86710.0,125210.0,248935.4,4604.0
86830.0,125400.0,249086.3,4606.2
86700.0,125780.0,249127.9,4610.2
87000.0,125860.0,249441.4,4613.3
87010.0,126080.0,249395.2,4615.5
87540.0,126280.0,249865.3,4621.2
88090.0,126330.0,249606.8,4626.7
88130.0,126440.0,249551.1,4627.9
88200.0,126770.0,249365.7,4631.3
88280.0,126950.0,249220.2,4633.2
